{"cameraMode":{"drawMode":0,"name":"Shaded","section":"Shading Mode"},"sceneLighting":false,"audioPlay":false,"sceneViewState":{"m_AlwaysRefresh":false,"showFog":true,"showSkybox":false,"showFlares":true,"showImageEffects":true,"showParticleSystems":true,"showVisualEffectGraphs":true,"m_FxEnabled":true},"in2DMode":false,"pivot":{"x":-1.3754143714904786,"y":3.944777488708496,"z":-0.32608604431152346},"rotation":{"x":0.0005945557495579124,"y":0.9992324113845825,"z":-0.03538600355386734,"w":0.01678493246436119},"size":6.312257766723633,"orthographic":false}