{"cameraMode":{"drawMode":0,"name":"Shaded","section":"Shading Mode"},"sceneLighting":true,"audioPlay":false,"sceneViewState":{"m_AlwaysRefresh":false,"showFog":true,"showSkybox":true,"showFlares":true,"showImageEffects":true,"showParticleSystems":true,"showVisualEffectGraphs":true,"m_FxEnabled":true},"in2DMode":false,"pivot":{"x":5.102292060852051,"y":-15.599796295166016,"z":30.03783416748047},"rotation":{"x":0.2848950922489166,"y":0.002875538542866707,"z":-0.0008546355529688299,"w":0.958554744720459},"size":71.24722290039063,"orthographic":false}