{"cameraMode":{"drawMode":0,"name":"Shaded","section":"Shading Mode"},"sceneLighting":true,"audioPlay":false,"sceneViewState":{"m_AlwaysRefresh":false,"showFog":true,"showSkybox":true,"showFlares":true,"showImageEffects":true,"showParticleSystems":true,"showVisualEffectGraphs":true,"m_FxEnabled":true},"in2DMode":false,"pivot":{"x":657.1786499023438,"y":361.0133972167969,"z":488.8941650390625},"rotation":{"x":0.1250424087047577,"y":0.020833540707826616,"z":-0.0026263308245688678,"w":0.9919300079345703},"size":942.022216796875,"orthographic":false}