{"cameraMode":{"drawMode":0,"name":"Shaded","section":"Shading Mode"},"sceneLighting":true,"audioPlay":false,"sceneViewState":{"m_AlwaysRefresh":false,"showFog":true,"showSkybox":true,"showFlares":true,"showImageEffects":true,"showParticleSystems":true,"showVisualEffectGraphs":true,"m_FxEnabled":true},"in2DMode":false,"pivot":{"x":-11.712261199951172,"y":21.59954833984375,"z":-28.253082275390626},"rotation":{"x":0.20982500910758973,"y":-0.24342194199562074,"z":0.05402183532714844,"w":0.9454191327095032},"size":198.8334197998047,"orthographic":true}