{"cameraMode":{"drawMode":0,"name":"Shaded","section":"Shading Mode"},"sceneLighting":true,"audioPlay":false,"sceneViewState":{"m_AlwaysRefresh":false,"showFog":true,"showSkybox":true,"showFlares":true,"showImageEffects":true,"showParticleSystems":true,"showVisualEffectGraphs":true,"m_FxEnabled":true},"in2DMode":false,"pivot":{"x":15.625959396362305,"y":-100.51854705810547,"z":-91.1794204711914},"rotation":{"x":0.38051488995552065,"y":0.10425659269094467,"z":-0.04322114959359169,"w":0.9178621768951416},"size":118.50916290283203,"orthographic":false}