{"cameraMode":{"drawMode":0,"name":"Shaded","section":"Shading Mode"},"sceneLighting":true,"audioPlay":false,"sceneViewState":{"m_AlwaysRefresh":false,"showFog":true,"showSkybox":true,"showFlares":true,"showImageEffects":true,"showParticleSystems":true,"showVisualEffectGraphs":true,"m_FxEnabled":true},"in2DMode":false,"pivot":{"x":-4.943243980407715,"y":25.544729232788087,"z":45.287879943847659},"rotation":{"x":0.4625716209411621,"y":0.0039893751963973049,"z":-0.0020817199256271126,"w":0.8865717053413391},"size":9.308223724365235,"orthographic":false}