{"cameraMode":{"drawMode":0,"name":"Shaded","section":"Shading Mode"},"sceneLighting":true,"audioPlay":false,"sceneViewState":{"m_AlwaysRefresh":false,"showFog":true,"showSkybox":true,"showFlares":true,"showImageEffects":true,"showParticleSystems":true,"showVisualEffectGraphs":true,"m_FxEnabled":true},"in2DMode":false,"pivot":{"x":-46.712799072265628,"y":-258.6730041503906,"z":-14.703323364257813},"rotation":{"x":0.5236401557922363,"y":-0.07467807084321976,"z":0.046146295964717868,"w":0.847407877445221},"size":224.91946411132813,"orthographic":false}