{"cameraMode":{"drawMode":0,"name":"Shaded","section":"Shading Mode"},"sceneLighting":true,"audioPlay":false,"sceneViewState":{"m_AlwaysRefresh":false,"showFog":true,"showSkybox":false,"showFlares":true,"showImageEffects":true,"showParticleSystems":true,"showVisualEffectGraphs":true,"m_FxEnabled":true},"in2DMode":false,"pivot":{"x":3.7366561889648439,"y":5.700000762939453,"z":136.3289337158203},"rotation":{"x":0.6933501362800598,"y":0.08189474791288376,"z":-0.07980907708406449,"w":0.7114701867103577},"size":22.419776916503908,"orthographic":false}